id,key,project_key,project_name,summary,description,status,priority,issue_type,created,updated,assignee,reporter,labels,components,url
10278,SCRUM-11,SCRUM,sample,Test Ticket,,To Do,Medium,Task,2025-06-17T18:00:30.964+0530,2025-06-17T18:00:31.015+0530,,Pranav Gaddi,[],[],https://projectmajorvd25.atlassian.net/browse/SCRUM-11
10277,SCRUM-10,SCRUM,sample,** Create Sample User Stories and Epic for Feature X,"{'type': 'doc', 'version': 1, 'content': [{'type': 'paragraph', 'content': [{'type': 'text', 'text': 'Description'}]}]}",To Do,Medium,Story,2025-06-17T16:06:35.870+0530,2025-06-17T17:57:54.123+0530,,Project Major,[],[],https://projectmajorvd25.atlassian.net/browse/SCRUM-10
10276,JIR-31,JIR,JIRANEW,** Create Sample User Stories and Epic for Feature X,"{'type': 'doc', 'version': 1, 'content': [{'type': 'paragraph', 'content': [{'type': 'text', 'text': 'Description'}]}]}",To Do,Medium,Story,2025-06-17T16:05:08.703+0530,2025-06-17T16:05:08.764+0530,,Project Major,[],[],https://projectmajorvd25.atlassian.net/browse/JIR-31
10275,JIR-30,JIR,JIRANEW,Add 2FA during Account Creation,"{'type': 'doc', 'version': 1, 'content': [{'type': 'paragraph', 'content': [{'type': 'text', 'text': 'As a new user, I want to be able to enable 2FA during the account creation process so that I can secure my account from the start.'}]}, {'type': 'paragraph', 'content': [{'type': 'text', 'text': 'Acceptance Criteria:', 'marks': [{'type': 'strong'}]}]}, {'type': 'bulletList', 'content': [{'type': 'listItem', 'content': [{'type': 'paragraph', 'content': [{'type': 'text', 'text': 'Option to enable 2FA is presented during signup.'}]}]}, {'type': 'listItem', 'content': [{'type': 'paragraph', 'content': [{'type': 'text', 'text': 'User can choose their preferred 2FA method during signup.'}]}]}, {'type': 'listItem', 'content': [{'type': 'paragraph', 'content': [{'type': 'text', 'text': 'Successful 2FA setup is required before account activation.'}]}]}, {'type': 'listItem', 'content': [{'type': 'paragraph', 'content': [{'type': 'text', 'text': 'Clear instructions are provided during the signup process.'}]}]}]}]}",To Do,Medium,Story,2025-06-17T15:53:41.645+0530,2025-06-17T15:53:41.725+0530,,Project Major,[],[],https://projectmajorvd25.atlassian.net/browse/JIR-30
10274,JIR-29,JIR,JIRANEW,Account Recovery with 2FA Disabled,"{'type': 'doc', 'version': 1, 'content': [{'type': 'paragraph', 'content': [{'type': 'text', 'text': 'As a user, I want a secure way to recover my account if I lose access to my 2FA methods.'}]}, {'type': 'paragraph', 'content': [{'type': 'text', 'text': 'Acceptance Criteria:', 'marks': [{'type': 'strong'}]}]}, {'type': 'bulletList', 'content': [{'type': 'listItem', 'content': [{'type': 'paragraph', 'content': [{'type': 'text', 'text': 'User can initiate account recovery through a secure process.'}]}]}, {'type': 'listItem', 'content': [{'type': 'paragraph', 'content': [{'type': 'text', 'text': 'Recovery process involves verifying identity through multiple channels (e.g., email, security questions).'}]}]}, {'type': 'listItem', 'content': [{'type': 'paragraph', 'content': [{'type': 'text', 'text': 'System guides user through the recovery steps clearly.'}]}]}, {'type': 'listItem', 'content': [{'type': 'paragraph', 'content': [{'type': 'text', 'text': 'Account recovery is logged for auditing purposes.'}]}]}]}]}",To Do,Medium,Story,2025-06-17T15:53:40.662+0530,2025-06-17T15:53:40.759+0530,,Project Major,[],[],https://projectmajorvd25.atlassian.net/browse/JIR-29
10273,JIR-28,JIR,JIRANEW,Handle Locked Account after Multiple Failed 2FA Attempts,"{'type': 'doc', 'version': 1, 'content': [{'type': 'paragraph', 'content': [{'type': 'text', 'text': 'As a user, I want my account to be temporarily locked after multiple failed 2FA attempts so that my account remains secure from brute-force attacks.'}]}, {'type': 'paragraph', 'content': [{'type': 'text', 'text': 'Acceptance Criteria:', 'marks': [{'type': 'strong'}]}]}, {'type': 'bulletList', 'content': [{'type': 'listItem', 'content': [{'type': 'paragraph', 'content': [{'type': 'text', 'text': 'Account is locked after 3 consecutive failed attempts.'}]}]}, {'type': 'listItem', 'content': [{'type': 'paragraph', 'content': [{'type': 'text', 'text': 'User receives instructions on how to unlock account.'}]}]}, {'type': 'listItem', 'content': [{'type': 'paragraph', 'content': [{'type': 'text', 'text': 'Account unlock process is clear and intuitive.'}]}]}, {'type': 'listItem', 'content': [{'type': 'paragraph', 'content': [{'type': 'text', 'text': 'Account unlock requires answering security questions or email verification.'}]}]}]}]}",To Do,Medium,Story,2025-06-17T15:53:39.578+0530,2025-06-17T15:53:39.661+0530,,Project Major,[],[],https://projectmajorvd25.atlassian.net/browse/JIR-28
10272,JIR-27,JIR,JIRANEW,View and Manage 2FA Methods,"{'type': 'doc', 'version': 1, 'content': [{'type': 'paragraph', 'content': [{'type': 'text', 'text': 'As a user, I want to view and manage my currently enabled 2FA methods so that I can control my account security settings.'}]}, {'type': 'paragraph', 'content': [{'type': 'text', 'text': 'Acceptance Criteria:', 'marks': [{'type': 'strong'}]}]}, {'type': 'bulletList', 'content': [{'type': 'listItem', 'content': [{'type': 'paragraph', 'content': [{'type': 'text', 'text': 'A list of currently enabled 2FA methods is displayed.'}]}]}, {'type': 'listItem', 'content': [{'type': 'paragraph', 'content': [{'type': 'text', 'text': 'User can disable any enabled 2FA method.'}]}]}, {'type': 'listItem', 'content': [{'type': 'paragraph', 'content': [{'type': 'text', 'text': 'Clear instructions are given on how to manage each method.'}]}]}, {'type': 'listItem', 'content': [{'type': 'paragraph', 'content': [{'type': 'text', 'text': 'User receives confirmation after disabling a method.'}]}]}]}]}",To Do,Medium,Story,2025-06-17T15:53:38.604+0530,2025-06-17T15:53:38.692+0530,,Project Major,[],[],https://projectmajorvd25.atlassian.net/browse/JIR-27
10271,JIR-26,JIR,JIRANEW,Enable Email-Based 2FA,"{'type': 'doc', 'version': 1, 'content': [{'type': 'paragraph', 'content': [{'type': 'text', 'text': 'As a user, I want to enable two-factor authentication using email verification codes so that I have an alternative method if I lose access to my authenticator app.'}]}, {'type': 'paragraph', 'content': [{'type': 'text', 'text': 'Acceptance Criteria:', 'marks': [{'type': 'strong'}]}]}, {'type': 'bulletList', 'content': [{'type': 'listItem', 'content': [{'type': 'paragraph', 'content': [{'type': 'text', 'text': 'User can choose email as a 2FA method.'}]}]}, {'type': 'listItem', 'content': [{'type': 'paragraph', 'content': [{'type': 'text', 'text': ""System sends a verification code to the user's registered email.""}]}]}, {'type': 'listItem', 'content': [{'type': 'paragraph', 'content': [{'type': 'text', 'text': 'System validates the email verification code.'}]}]}, {'type': 'listItem', 'content': [{'type': 'paragraph', 'content': [{'type': 'text', 'text': 'Error message displayed for invalid code or email issues.'}]}]}, {'type': 'listItem', 'content': [{'type': 'paragraph', 'content': [{'type': 'text', 'text': 'User can disable email-based 2FA.'}]}]}]}]}",To Do,Medium,Story,2025-06-17T15:53:37.708+0530,2025-06-17T15:53:37.771+0530,,Project Major,[],[],https://projectmajorvd25.atlassian.net/browse/JIR-26
10270,JIR-25,JIR,JIRANEW,Enable TOTP (Time-Based One-Time Password) 2FA,"{'type': 'doc', 'version': 1, 'content': [{'type': 'paragraph', 'content': [{'type': 'text', 'text': 'As a user, I want to enable two-factor authentication using a time-based one-time password (TOTP) app like Google Authenticator or Authy so that I can add an extra layer of security to my account.'}]}, {'type': 'paragraph', 'content': [{'type': 'text', 'text': 'Acceptance Criteria:', 'marks': [{'type': 'strong'}]}]}, {'type': 'bulletList', 'content': [{'type': 'listItem', 'content': [{'type': 'paragraph', 'content': [{'type': 'text', 'text': 'User can successfully enable TOTP 2FA.'}]}]}, {'type': 'listItem', 'content': [{'type': 'paragraph', 'content': [{'type': 'text', 'text': 'A QR code is displayed for easy setup in a TOTP app.'}]}]}, {'type': 'listItem', 'content': [{'type': 'paragraph', 'content': [{'type': 'text', 'text': 'System validates the TOTP code entered by the user.'}]}]}, {'type': 'listItem', 'content': [{'type': 'paragraph', 'content': [{'type': 'text', 'text': 'Error message is displayed for invalid codes.'}]}]}, {'type': 'listItem', 'content': [{'type': 'paragraph', 'content': [{'type': 'text', 'text': 'User can disable TOTP 2FA.'}]}]}]}]}",To Do,Medium,Story,2025-06-17T15:53:36.884+0530,2025-06-17T15:53:36.935+0530,,Project Major,[],[],https://projectmajorvd25.atlassian.net/browse/JIR-25
10269,JIR-24,JIR,JIRANEW,Handle 2FA Failures and Recovery,"{'type': 'doc', 'version': 1, 'content': [{'type': 'paragraph', 'content': [{'type': 'text', 'text': 'Provide mechanisms for handling failed 2FA attempts and account recovery.'}]}]}",To Do,Medium,Epic,2025-06-17T15:53:36.088+0530,2025-06-17T15:53:36.141+0530,,Project Major,[],[],https://projectmajorvd25.atlassian.net/browse/JIR-24
10268,JIR-23,JIR,JIRANEW,Manage 2FA Settings,"{'type': 'doc', 'version': 1, 'content': [{'type': 'paragraph', 'content': [{'type': 'text', 'text': 'Allow users to configure and manage their 2FA settings.'}]}]}",To Do,Medium,Epic,2025-06-17T15:53:35.197+0530,2025-06-17T15:53:35.269+0530,,Project Major,[],[],https://projectmajorvd25.atlassian.net/browse/JIR-23
10267,JIR-22,JIR,JIRANEW,Implement Two-Factor Authentication (2FA),"{'type': 'doc', 'version': 1, 'content': [{'type': 'paragraph', 'content': [{'type': 'text', 'text': 'Enable users to secure their accounts with two-factor authentication.'}]}]}",To Do,Medium,Epic,2025-06-17T15:53:34.194+0530,2025-06-17T15:53:34.255+0530,,Project Major,[],[],https://projectmajorvd25.atlassian.net/browse/JIR-22
10265,SCRUM-8,SCRUM,sample,JIRA Ticket: Add Paytm UPI Payment Gateway Integration,"{'type': 'doc', 'version': 1, 'content': [{'type': 'orderedList', 'attrs': {'order': 1}, 'content': [{'type': 'listItem', 'content': [{'type': 'paragraph'}, {'type': 'orderedList', 'attrs': {'order': 1}, 'content': [{'type': 'listItem', 'content': [{'type': 'paragraph', 'content': [{'type': 'text', 'text': 'JIRA Ticket: Add Paytm UPI Payment Gateway Integration'}]}]}]}]}]}, {'type': 'paragraph', 'content': [{'type': 'text', 'text': '*'}, {'type': 'text', 'text': '1. Title:', 'marks': [{'type': 'strong'}]}, {'type': 'text', 'text': '* Integrate Paytm UPI Payment Option'}]}, {'type': 'paragraph', 'content': [{'type': 'text', 'text': '*'}, {'type': 'text', 'text': '2. Description:', 'marks': [{'type': 'strong'}]}, {'type': 'text', 'text': '*'}]}, {'type': 'paragraph', 'content': [{'type': 'text', 'text': ""This ticket focuses on integrating Paytm UPI as a payment option within our existing payment gateway. This will provide users with a convenient and popular method to complete transactions. The implementation includes developing necessary APIs and UI elements to allow users to initiate payments via Paytm UPI. Testing and integration with existing payment gateway infrastructure are also required to ensure smooth functionality and security. This implementation should align with the existing payment gateway's architecture and security protocols.""}]}, {'type': 'paragraph', 'content': [{'type': 'text', 'text': '*'}, {'type': 'text', 'text': '3. Acceptance Criteria:', 'marks': [{'type': 'strong'}]}, {'type': 'text', 'text': '*'}]}, {'type': 'bulletList', 'content': [{'type': 'listItem', 'content': [{'type': 'paragraph', 'content': [{'type': 'text', 'text': '  Users can successfully initiate and complete payments using Paytm UPI.'}]}]}, {'type': 'listItem', 'content': [{'type': 'paragraph', 'content': [{'type': 'text', 'text': '  Payment confirmations are accurately reflected in the system after successful Paytm UPI transactions.'}]}]}, {'type': 'listItem', 'content': [{'type': 'paragraph', 'content': [{'type': 'text', 'text': '  The Paytm UPI integration is secure and compliant with relevant security standards (e.g., PCI DSS).'}]}]}, {'type': 'listItem', 'content': [{'type': 'paragraph', 'content': [{'type': 'text', 'text': '  Error handling is implemented to gracefully handle scenarios like payment failures or network issues, providing informative messages to the user.'}]}]}]}, {'type': 'paragraph', 'content': [{'type': 'text', 'text': '*'}, {'type': 'text', 'text': '4. Priority:', 'marks': [{'type': 'strong'}]}, {'type': 'text', 'text': '* Medium'}]}, {'type': 'paragraph', 'content': [{'type': 'text', 'text': '*'}, {'type': 'text', 'text': '5. Type:', 'marks': [{'type': 'strong'}]}, {'type': 'text', 'text': '* Story'}]}, {'type': 'paragraph', 'content': [{'type': 'text', 'text': '*'}, {'type': 'text', 'text': '6. Related Work:', 'marks': [{'type': 'strong'}]}, {'type': 'text', 'text': '*'}]}, {'type': 'bulletList', 'content': [{'type': 'listItem', 'content': [{'type': 'paragraph', 'content': [{'type': 'text', 'text': '  *'}, {'type': 'text', 'text': 'MAJOR-28 - Payment Gateway Integration:', 'marks': [{'type': 'strong'}]}, {'type': 'text', 'text': '* Integrate secure payment options for users.'}]}]}, {'type': 'listItem', 'content': [{'type': 'paragraph', 'content': [{'type': 'text', 'text': '  *'}, {'type': 'text', 'text': 'JIR-7 - Ticket Booking and Payment:', 'marks': [{'type': 'strong'}]}, {'type': 'text', 'text': '* As a user I want to be able to select tickets proceed to checkout and make secure payments using integrated.'}]}]}]}, {'type': 'paragraph', 'content': [{'type': 'text', 'text': '*'}, {'type': 'text', 'text': '7. Technical Considerations:', 'marks': [{'type': 'strong'}]}, {'type': 'text', 'text': '*'}]}, {'type': 'paragraph', 'content': [{'type': 'text', 'text': 'Based on '}, {'type': 'inlineCard', 'attrs': {'url': 'https://projectmajorvd25.atlassian.net/browse/MAJOR-28#icft=MAJOR-28'}}, {'type': 'text', 'text': "", which focuses on payment gateway integration, this ticket builds upon the existing framework by adding a specific payment method: Paytm UPI. It will require understanding the existing payment gateway API and adapting it to interact with Paytm's UPI APIs. We will need to implement proper error handling and logging to ensure reliable transaction processing. Further it is important to review ""}, {'type': 'inlineCard', 'attrs': {'url': 'https://projectmajorvd25.atlassian.net/browse/JIR-7#icft=JIR-7'}}, {'type': 'text', 'text': ', as Paytm UPI might require frontend changes during ticket booking and payment pages. Security considerations for Paytm UPI integration need to be addressed, including handling sensitive payment information and ensuring compliance with relevant security standards (e.g., PCI DSS). The UI needs to be updated for selecting UPI and further integration with Paytm.'}]}]}",To Do,Medium,Story,2025-06-17T12:30:02.154+0530,2025-06-17T18:00:42.757+0530,,Project Major,[],[],https://projectmajorvd25.atlassian.net/browse/SCRUM-8
10238,JIR-19,JIR,JIRANEW,Network Connectivity Tests,"{'type': 'doc', 'version': 1, 'content': [{'type': 'paragraph', 'content': [{'type': 'text', 'text': 'Ensure the application can reliably access external resources and the internet.'}]}]}",To Do,Medium,Epic,2025-06-16T16:34:53.054+0530,2025-06-16T16:34:53.124+0530,,Project Major,[],[],https://projectmajorvd25.atlassian.net/browse/JIR-19
10235,JIR-16,JIR,JIRANEW,API Connectivity Tests,"{'type': 'doc', 'version': 1, 'content': [{'type': 'paragraph', 'content': [{'type': 'text', 'text': 'Verify successful communication with all relevant APIs.'}]}]}",To Do,Medium,Epic,2025-06-16T16:34:50.581+0530,2025-06-16T16:34:50.624+0530,,Project Major,[],[],https://projectmajorvd25.atlassian.net/browse/JIR-16
10232,JIR-13,JIR,JIRANEW,Database Connectivity Tests,"{'type': 'doc', 'version': 1, 'content': [{'type': 'paragraph', 'content': [{'type': 'text', 'text': 'Ensure robust and reliable connection to the primary database.'}]}]}",To Do,Medium,Epic,2025-06-16T16:34:47.903+0530,2025-06-16T16:34:48.011+0530,,Project Major,[],[],https://projectmajorvd25.atlassian.net/browse/JIR-13
10231,NJ-11,NJ,new-jirasample,Track Ticket Sales,"{'type': 'doc', 'version': 1, 'content': [{'type': 'paragraph', 'content': [{'type': 'text', 'text': 'As an event organizer, I want to track my ticket sales and download attendee lists so that I can monitor event performance and manage attendees.'}]}, {'type': 'paragraph', 'content': [{'type': 'text', 'text': 'Acceptance Criteria:', 'marks': [{'type': 'strong'}]}]}, {'type': 'bulletList', 'content': [{'type': 'listItem', 'content': [{'type': 'paragraph', 'content': [{'type': 'text', 'text': 'Real-time ticket sales data is displayed.'}]}]}, {'type': 'listItem', 'content': [{'type': 'paragraph', 'content': [{'type': 'text', 'text': 'Option to download attendee lists in CSV or other suitable format.'}]}]}, {'type': 'listItem', 'content': [{'type': 'paragraph', 'content': [{'type': 'text', 'text': 'Sales data is accurate and up-to-date.'}]}]}, {'type': 'listItem', 'content': [{'type': 'paragraph', 'content': [{'type': 'text', 'text': 'Data export functionality generates reports in required formats.'}]}]}, {'type': 'listItem', 'content': [{'type': 'paragraph', 'content': [{'type': 'text', 'text': 'Proper handling of large attendee lists.'}]}]}]}]}",To Do,Medium,Story,2025-06-16T14:18:59.896+0530,2025-06-16T14:18:59.972+0530,,Project Major,[],[],https://projectmajorvd25.atlassian.net/browse/NJ-11
10230,NJ-10,NJ,new-jirasample,Create and Manage Events,"{'type': 'doc', 'version': 1, 'content': [{'type': 'paragraph', 'content': [{'type': 'text', 'text': 'As an event organizer, I want to create, edit, and delete events so that I can manage my event listings.'}]}, {'type': 'paragraph', 'content': [{'type': 'text', 'text': 'Acceptance Criteria:', 'marks': [{'type': 'strong'}]}]}, {'type': 'bulletList', 'content': [{'type': 'listItem', 'content': [{'type': 'paragraph', 'content': [{'type': 'text', 'text': 'Organizer can create new events with all necessary details.'}]}]}, {'type': 'listItem', 'content': [{'type': 'paragraph', 'content': [{'type': 'text', 'text': 'Organizer can edit existing event details.'}]}]}, {'type': 'listItem', 'content': [{'type': 'paragraph', 'content': [{'type': 'text', 'text': 'Organizer can delete events.'}]}]}, {'type': 'listItem', 'content': [{'type': 'paragraph', 'content': [{'type': 'text', 'text': 'Event details are validated upon creation and update.'}]}]}, {'type': 'listItem', 'content': [{'type': 'paragraph', 'content': [{'type': 'text', 'text': 'Soft delete functionality for events'}]}]}]}]}",To Do,Medium,Story,2025-06-16T14:18:58.299+0530,2025-06-16T14:18:58.354+0530,,Project Major,[],[],https://projectmajorvd25.atlassian.net/browse/NJ-10
10229,NJ-9,NJ,new-jirasample,Event Organizer Features,"{'type': 'doc', 'version': 1, 'content': [{'type': 'paragraph', 'content': [{'type': 'text', 'text': 'Enable event organizers to manage their events efficiently.'}]}]}",To Do,Medium,Epic,2025-06-16T14:18:56.715+0530,2025-06-16T14:18:56.786+0530,,Project Major,[],[],https://projectmajorvd25.atlassian.net/browse/NJ-9
10228,NJ-8,NJ,new-jirasample,Booking Confirmation,"{'type': 'doc', 'version': 1, 'content': [{'type': 'paragraph', 'content': [{'type': 'text', 'text': 'As a user, I want to receive email/SMS confirmation and downloadable e-tickets after completing a booking so that I have proof of purchase and easy access to my tickets.'}]}, {'type': 'paragraph', 'content': [{'type': 'text', 'text': 'Acceptance Criteria:', 'marks': [{'type': 'strong'}]}]}, {'type': 'bulletList', 'content': [{'type': 'listItem', 'content': [{'type': 'paragraph', 'content': [{'type': 'text', 'text': 'Email confirmation is sent immediately after successful payment.'}]}]}, {'type': 'listItem', 'content': [{'type': 'paragraph', 'content': [{'type': 'text', 'text': 'Email includes order summary, ticket details, and a link to downloadable tickets.'}]}]}, {'type': 'listItem', 'content': [{'type': 'paragraph', 'content': [{'type': 'text', 'text': 'Downloadable PDF e-tickets are generated.'}]}]}, {'type': 'listItem', 'content': [{'type': 'paragraph', 'content': [{'type': 'text', 'text': 'SMS confirmation is sent as a backup.'}]}]}, {'type': 'listItem', 'content': [{'type': 'paragraph', 'content': [{'type': 'text', 'text': 'Error handling for confirmation email and SMS failure.'}]}]}]}]}",To Do,Medium,Story,2025-06-16T14:18:55.091+0530,2025-06-16T14:18:55.142+0530,,Project Major,[],[],https://projectmajorvd25.atlassian.net/browse/NJ-8
10227,NJ-7,NJ,new-jirasample,Ticket Booking,"{'type': 'doc', 'version': 1, 'content': [{'type': 'paragraph', 'content': [{'type': 'text', 'text': 'As a user, I want to select tickets and proceed to checkout so that I can purchase tickets for the events I want to attend.'}]}, {'type': 'paragraph', 'content': [{'type': 'text', 'text': 'Acceptance Criteria:', 'marks': [{'type': 'strong'}]}]}, {'type': 'bulletList', 'content': [{'type': 'listItem', 'content': [{'type': 'paragraph', 'content': [{'type': 'text', 'text': 'Users can select ticket quantities for different ticket types.'}]}]}, {'type': 'listItem', 'content': [{'type': 'paragraph', 'content': [{'type': 'text', 'text': 'Cart functionality allows adding and removing tickets.'}]}]}, {'type': 'listItem', 'content': [{'type': 'paragraph', 'content': [{'type': 'text', 'text': 'Checkout process is clear and straightforward.'}]}]}, {'type': 'listItem', 'content': [{'type': 'paragraph', 'content': [{'type': 'text', 'text': 'Payment gateway integration works correctly.'}]}]}, {'type': 'listItem', 'content': [{'type': 'paragraph', 'content': [{'type': 'text', 'text': 'Error handling during ticket selection and checkout.'}]}]}]}]}",To Do,Medium,Story,2025-06-16T14:18:53.416+0530,2025-06-16T14:18:53.486+0530,,Project Major,[],[],https://projectmajorvd25.atlassian.net/browse/NJ-7
10226,NJ-6,NJ,new-jirasample,Event Search and Filtering,"{'type': 'doc', 'version': 1, 'content': [{'type': 'paragraph', 'content': [{'type': 'text', 'text': 'As a user, I want to search and filter events by category, location, date, and price so that I can find events that match my interests.'}]}, {'type': 'paragraph', 'content': [{'type': 'text', 'text': 'Acceptance Criteria:', 'marks': [{'type': 'strong'}]}]}, {'type': 'bulletList', 'content': [{'type': 'listItem', 'content': [{'type': 'paragraph', 'content': [{'type': 'text', 'text': 'Search functionality returns relevant results.'}]}]}, {'type': 'listItem', 'content': [{'type': 'paragraph', 'content': [{'type': 'text', 'text': 'Filtering options work correctly.'}]}]}, {'type': 'listItem', 'content': [{'type': 'paragraph', 'content': [{'type': 'text', 'text': 'Results are displayed clearly and concisely.'}]}]}, {'type': 'listItem', 'content': [{'type': 'paragraph', 'content': [{'type': 'text', 'text': 'Pagination is implemented for large result sets.'}]}]}, {'type': 'listItem', 'content': [{'type': 'paragraph', 'content': [{'type': 'text', 'text': 'Handles invalid search terms gracefully.'}]}]}]}]}",To Do,Medium,Story,2025-06-16T14:18:51.700+0530,2025-06-16T14:18:51.784+0530,,Project Major,[],[],https://projectmajorvd25.atlassian.net/browse/NJ-6
10225,NJ-5,NJ,new-jirasample,Event Discovery and Booking,"{'type': 'doc', 'version': 1, 'content': [{'type': 'paragraph', 'content': [{'type': 'text', 'text': 'Allow users to easily find and book events.'}]}]}",To Do,Medium,Epic,2025-06-16T14:18:49.994+0530,2025-06-16T14:18:50.060+0530,,Project Major,[],[],https://projectmajorvd25.atlassian.net/browse/NJ-5
10224,NJ-4,NJ,new-jirasample,Profile Management,"{'type': 'doc', 'version': 1, 'content': [{'type': 'paragraph', 'content': [{'type': 'text', 'text': 'As a registered user, I want to update my personal information and view my booking history so that I can maintain accurate details and track my events.'}]}, {'type': 'paragraph', 'content': [{'type': 'text', 'text': 'Acceptance Criteria:', 'marks': [{'type': 'strong'}]}]}, {'type': 'bulletList', 'content': [{'type': 'listItem', 'content': [{'type': 'paragraph', 'content': [{'type': 'text', 'text': 'User can update their name, email, and other relevant details.'}]}]}, {'type': 'listItem', 'content': [{'type': 'paragraph', 'content': [{'type': 'text', 'text': 'Booking history is displayed chronologically.'}]}]}, {'type': 'listItem', 'content': [{'type': 'paragraph', 'content': [{'type': 'text', 'text': 'Update profile information functionality is handled with error checks.'}]}]}, {'type': 'listItem', 'content': [{'type': 'paragraph', 'content': [{'type': 'text', 'text': 'Data is saved correctly and displayed.'}]}]}, {'type': 'listItem', 'content': [{'type': 'paragraph', 'content': [{'type': 'text', 'text': 'User can download their booking history'}]}]}]}]}",To Do,Medium,Story,2025-06-16T14:18:48.282+0530,2025-06-16T14:18:48.369+0530,,Project Major,[],[],https://projectmajorvd25.atlassian.net/browse/NJ-4
10223,NJ-3,NJ,new-jirasample,User Login,"{'type': 'doc', 'version': 1, 'content': [{'type': 'paragraph', 'content': [{'type': 'text', 'text': 'As a registered user, I want to securely log in to my account so that I can access my profile and bookings.'}]}, {'type': 'paragraph', 'content': [{'type': 'text', 'text': 'Acceptance Criteria:', 'marks': [{'type': 'strong'}]}]}, {'type': 'bulletList', 'content': [{'type': 'listItem', 'content': [{'type': 'paragraph', 'content': [{'type': 'text', 'text': 'Successful login with valid credentials.'}]}]}, {'type': 'listItem', 'content': [{'type': 'paragraph', 'content': [{'type': 'text', 'text': 'Password reset functionality works correctly.'}]}]}, {'type': 'listItem', 'content': [{'type': 'paragraph', 'content': [{'type': 'text', 'text': 'Account lockout mechanism for multiple failed login attempts.'}]}]}, {'type': 'listItem', 'content': [{'type': 'paragraph', 'content': [{'type': 'text', 'text': 'Secure password storage and handling.'}]}]}, {'type': 'listItem', 'content': [{'type': 'paragraph', 'content': [{'type': 'text', 'text': 'Remember me functionality is secure and works.'}]}]}]}]}",To Do,Medium,Story,2025-06-16T14:18:46.590+0530,2025-06-16T14:18:46.662+0530,,Project Major,[],[],https://projectmajorvd25.atlassian.net/browse/NJ-3
10222,NJ-2,NJ,new-jirasample,User Registration,"{'type': 'doc', 'version': 1, 'content': [{'type': 'paragraph', 'content': [{'type': 'text', 'text': 'As a new user, I want to register an account using email or social logins so that I can easily access the platform.'}]}, {'type': 'paragraph', 'content': [{'type': 'text', 'text': 'Acceptance Criteria:', 'marks': [{'type': 'strong'}]}]}, {'type': 'bulletList', 'content': [{'type': 'listItem', 'content': [{'type': 'paragraph', 'content': [{'type': 'text', 'text': 'Successful registration via email.'}]}]}, {'type': 'listItem', 'content': [{'type': 'paragraph', 'content': [{'type': 'text', 'text': 'Successful registration via Facebook/Google login.'}]}]}, {'type': 'listItem', 'content': [{'type': 'paragraph', 'content': [{'type': 'text', 'text': 'Confirmation email is sent upon successful registration.'}]}]}, {'type': 'listItem', 'content': [{'type': 'paragraph', 'content': [{'type': 'text', 'text': 'Duplicate email/social login prevention is in place.'}]}]}, {'type': 'listItem', 'content': [{'type': 'paragraph', 'content': [{'type': 'text', 'text': 'Registration form handles validation appropriately.'}]}]}]}]}",To Do,Medium,Story,2025-06-16T14:18:44.798+0530,2025-06-16T14:18:44.875+0530,,Project Major,[],[],https://projectmajorvd25.atlassian.net/browse/NJ-2
10221,NJ-1,NJ,new-jirasample,User Account Management,"{'type': 'doc', 'version': 1, 'content': [{'type': 'paragraph', 'content': [{'type': 'text', 'text': 'Enable users to create, manage, and securely access their accounts.'}]}]}",To Do,Medium,Epic,2025-06-16T14:18:43.212+0530,2025-06-16T14:18:43.268+0530,,Project Major,[],[],https://projectmajorvd25.atlassian.net/browse/NJ-1
10219,JIR-11,JIR,JIRANEW,Admin Dashboard,"{'type': 'doc', 'version': 1, 'content': [{'type': 'paragraph', 'content': [{'type': 'text', 'text': 'Provide administrative tools for managing users, events, and generating reports.'}]}]}",To Do,Medium,Epic,2025-06-16T11:39:39.241+0530,2025-06-16T11:39:39.312+0530,,Project Major,[],[],https://projectmajorvd25.atlassian.net/browse/JIR-11
10216,JIR-8,JIR,JIRANEW,Organizer Tools,"{'type': 'doc', 'version': 1, 'content': [{'type': 'paragraph', 'content': [{'type': 'text', 'text': 'Enable event organizers to create, manage, and track their events.'}]}]}",To Do,Medium,Epic,2025-06-16T11:39:35.268+0530,2025-06-16T11:39:35.319+0530,,Project Major,[],[],https://projectmajorvd25.atlassian.net/browse/JIR-8
10213,JIR-5,JIR,JIRANEW,Event Discovery and Booking,"{'type': 'doc', 'version': 1, 'content': [{'type': 'paragraph', 'content': [{'type': 'text', 'text': 'Implement event search, filtering, viewing details, and booking functionality.'}]}]}",To Do,Medium,Epic,2025-06-16T11:39:30.633+0530,2025-06-16T11:39:30.696+0530,,Project Major,[],[],https://projectmajorvd25.atlassian.net/browse/JIR-5
10209,JIR-1,JIR,JIRANEW,User Management,"{'type': 'doc', 'version': 1, 'content': [{'type': 'paragraph', 'content': [{'type': 'text', 'text': 'Implement user registration, login, profile management, and password reset functionality.'}]}]}",To Do,Medium,Epic,2025-06-16T11:39:24.146+0530,2025-06-16T11:39:24.309+0530,,Project Major,[],[],https://projectmajorvd25.atlassian.net/browse/JIR-1
10167,TES-4,TES,testing,Book Event Tickets,"{'type': 'doc', 'version': 1, 'content': [{'type': 'paragraph', 'content': [{'type': 'text', 'text': 'As a user, I want to be able to select tickets and complete the booking process so that I can attend the event.'}]}, {'type': 'paragraph', 'content': [{'type': 'text', 'text': 'Acceptance Criteria:', 'marks': [{'type': 'strong'}]}]}, {'type': 'bulletList', 'content': [{'type': 'listItem', 'content': [{'type': 'paragraph', 'content': [{'type': 'text', 'text': 'User can select the number of tickets.'}]}]}, {'type': 'listItem', 'content': [{'type': 'paragraph', 'content': [{'type': 'text', 'text': 'User can view pricing and seat information (if applicable).'}]}]}, {'type': 'listItem', 'content': [{'type': 'paragraph', 'content': [{'type': 'text', 'text': 'Secure payment gateway integration is functional.'}]}]}, {'type': 'listItem', 'content': [{'type': 'paragraph', 'content': [{'type': 'text', 'text': ""Order confirmation is displayed and sent to the user's email.""}]}]}, {'type': 'listItem', 'content': [{'type': 'paragraph', 'content': [{'type': 'text', 'text': 'E-ticket with QR code is generated and accessible to the user.'}]}]}]}]}",To Do,Medium,Story,2025-06-14T17:03:45.958+0530,2025-06-14T17:03:46.003+0530,,Project Major,[],[],https://projectmajorvd25.atlassian.net/browse/TES-4
10166,TES-3,TES,testing,Search Events by Keyword,"{'type': 'doc', 'version': 1, 'content': [{'type': 'paragraph', 'content': [{'type': 'text', 'text': 'As a user, I want to search for events using keywords (event name, performer, category) so that I can quickly find relevant events.'}]}, {'type': 'paragraph', 'content': [{'type': 'text', 'text': 'Acceptance Criteria:', 'marks': [{'type': 'strong'}]}]}, {'type': 'bulletList', 'content': [{'type': 'listItem', 'content': [{'type': 'paragraph', 'content': [{'type': 'text', 'text': 'Search functionality supports partial matches and multiple keywords.'}]}]}, {'type': 'listItem', 'content': [{'type': 'paragraph', 'content': [{'type': 'text', 'text': 'Results are displayed with relevant information (title, date, location).'}]}]}, {'type': 'listItem', 'content': [{'type': 'paragraph', 'content': [{'type': 'text', 'text': 'Results are ranked by relevance.'}]}]}, {'type': 'listItem', 'content': [{'type': 'paragraph', 'content': [{'type': 'text', 'text': 'Option to filter search results by date and category.'}]}]}, {'type': 'listItem', 'content': [{'type': 'paragraph', 'content': [{'type': 'text', 'text': 'Appropriate message if no events match the search criteria.'}]}]}]}]}",To Do,Medium,Story,2025-06-14T17:03:44.735+0530,2025-06-14T17:03:44.784+0530,,Project Major,[],[],https://projectmajorvd25.atlassian.net/browse/TES-3
10165,TES-2,TES,testing,Browse Events by Location,"{'type': 'doc', 'version': 1, 'content': [{'type': 'paragraph', 'content': [{'type': 'text', 'text': 'As a user, I want to browse events by location (city, zip code, radius) so that I can find events near me.'}]}, {'type': 'paragraph', 'content': [{'type': 'text', 'text': 'Acceptance Criteria:', 'marks': [{'type': 'strong'}]}]}, {'type': 'bulletList', 'content': [{'type': 'listItem', 'content': [{'type': 'paragraph', 'content': [{'type': 'text', 'text': 'User can input location via text or map selection.'}]}]}, {'type': 'listItem', 'content': [{'type': 'paragraph', 'content': [{'type': 'text', 'text': 'Results display events within specified radius.'}]}]}, {'type': 'listItem', 'content': [{'type': 'paragraph', 'content': [{'type': 'text', 'text': 'Results are sorted by distance (optional, configurable).'}]}]}, {'type': 'listItem', 'content': [{'type': 'paragraph', 'content': [{'type': 'text', 'text': 'Error handling for invalid location input.'}]}]}, {'type': 'listItem', 'content': [{'type': 'paragraph', 'content': [{'type': 'text', 'text': 'Accurate location data is used in results.'}]}]}]}]}",To Do,Medium,Story,2025-06-14T17:03:43.535+0530,2025-06-14T17:03:43.604+0530,,Project Major,[],[],https://projectmajorvd25.atlassian.net/browse/TES-2
10164,TES-1,TES,testing,User Event Discovery and Booking,"{'type': 'doc', 'version': 1, 'content': [{'type': 'paragraph', 'content': [{'type': 'text', 'text': 'Enable users to easily discover and book events.'}]}]}",To Do,Medium,Epic,2025-06-14T17:03:42.340+0530,2025-06-14T17:03:42.394+0530,,Project Major,[],[],https://projectmajorvd25.atlassian.net/browse/TES-1
10163,MAJOR-54,MAJOR,MAJOR,Book Event Tickets,"{'type': 'doc', 'version': 1, 'content': [{'type': 'paragraph', 'content': [{'type': 'text', 'text': 'As a user, I want to be able to select tickets and complete a purchase so that I can attend the event.'}]}, {'type': 'paragraph', 'content': [{'type': 'text', 'text': 'Acceptance Criteria:', 'marks': [{'type': 'strong'}]}]}, {'type': 'bulletList', 'content': [{'type': 'listItem', 'content': [{'type': 'paragraph', 'content': [{'type': 'text', 'text': 'Users can select multiple tickets of different price tiers.'}]}]}, {'type': 'listItem', 'content': [{'type': 'paragraph', 'content': [{'type': 'text', 'text': 'The checkout process is secure and user-friendly.'}]}]}, {'type': 'listItem', 'content': [{'type': 'paragraph', 'content': [{'type': 'text', 'text': 'Payment gateway integration is successful (UPI, Card, Wallets).'}]}]}, {'type': 'listItem', 'content': [{'type': 'paragraph', 'content': [{'type': 'text', 'text': 'Users receive an e-ticket with a QR code after purchase.'}]}]}]}]}",To Do,Medium,Story,2025-06-14T16:59:55.642+0530,2025-06-14T16:59:55.720+0530,,Project Major,[],[],https://projectmajorvd25.atlassian.net/browse/MAJOR-54
10162,MAJOR-53,MAJOR,MAJOR,Browse Events by Category and Location,"{'type': 'doc', 'version': 1, 'content': [{'type': 'paragraph', 'content': [{'type': 'text', 'text': 'As a user, I want to browse events by category and location so that I can easily find events near me that interest me.'}]}, {'type': 'paragraph', 'content': [{'type': 'text', 'text': 'Acceptance Criteria:', 'marks': [{'type': 'strong'}]}]}, {'type': 'bulletList', 'content': [{'type': 'listItem', 'content': [{'type': 'paragraph', 'content': [{'type': 'text', 'text': 'Events are displayed correctly filtered by category.'}]}]}, {'type': 'listItem', 'content': [{'type': 'paragraph', 'content': [{'type': 'text', 'text': 'Events are displayed correctly filtered by location (using geolocation).'}]}]}, {'type': 'listItem', 'content': [{'type': 'paragraph', 'content': [{'type': 'text', 'text': 'Filtering options are intuitive and easy to use.'}]}]}, {'type': 'listItem', 'content': [{'type': 'paragraph', 'content': [{'type': 'text', 'text': 'Results are paginated to prevent slow loading.'}]}]}]}]}",To Do,Medium,Story,2025-06-14T16:59:54.625+0530,2025-06-14T16:59:54.691+0530,,Project Major,[],[],https://projectmajorvd25.atlassian.net/browse/MAJOR-53
10161,MAJOR-52,MAJOR,MAJOR,Event Discovery and Booking,"{'type': 'doc', 'version': 1, 'content': [{'type': 'paragraph', 'content': [{'type': 'text', 'text': 'Enable users to easily discover and book events.'}]}]}",To Do,Medium,Epic,2025-06-14T16:59:53.403+0530,2025-06-14T16:59:53.473+0530,,Project Major,[],[],https://projectmajorvd25.atlassian.net/browse/MAJOR-52
10160,MAJOR-51,MAJOR,MAJOR,Post-Event Ratings and Reviews,"{'type': 'doc', 'version': 1, 'content': [{'type': 'paragraph', 'content': [{'type': 'text', 'text': 'As a user, I want to leave a rating and review for an event I attended so that I can share my experience and help others.'}]}, {'type': 'paragraph', 'content': [{'type': 'text', 'text': 'Acceptance Criteria:', 'marks': [{'type': 'strong'}]}]}, {'type': 'bulletList', 'content': [{'type': 'listItem', 'content': [{'type': 'paragraph', 'content': [{'type': 'text', 'text': 'Users can submit ratings (e.g., star ratings) and text reviews.'}]}]}, {'type': 'listItem', 'content': [{'type': 'paragraph', 'content': [{'type': 'text', 'text': 'Reviews are moderated before publication (optional).'}]}]}, {'type': 'listItem', 'content': [{'type': 'paragraph', 'content': [{'type': 'text', 'text': 'Reviews are displayed publicly with user names or anonymously.'}]}]}, {'type': 'listItem', 'content': [{'type': 'paragraph', 'content': [{'type': 'text', 'text': 'Average rating is clearly visible on the event page.'}]}]}, {'type': 'listItem', 'content': [{'type': 'paragraph', 'content': [{'type': 'text', 'text': 'Users can filter reviews by rating or other criteria.'}]}]}]}]}",To Do,Medium,Story,2025-06-14T16:58:04.597+0530,2025-06-14T16:58:04.664+0530,,Project Major,[],[],https://projectmajorvd25.atlassian.net/browse/MAJOR-51
10159,MAJOR-50,MAJOR,MAJOR,Post-Event Features,"{'type': 'doc', 'version': 1, 'content': [{'type': 'paragraph', 'content': [{'type': 'text', 'text': ""Enable users to rate and review events, enhancing the platform's utility and discoverability.""}]}]}",To Do,Medium,Epic,2025-06-14T16:58:03.533+0530,2025-06-14T16:58:03.579+0530,,Project Major,[],[],https://projectmajorvd25.atlassian.net/browse/MAJOR-50
10158,MAJOR-49,MAJOR,MAJOR,Admin Dashboard,"{'type': 'doc', 'version': 1, 'content': [{'type': 'paragraph', 'content': [{'type': 'text', 'text': ""As an administrator, I want access to a dashboard providing an overview of key system metrics and user activity so that I can monitor the platform's performance.""}]}, {'type': 'paragraph', 'content': [{'type': 'text', 'text': 'Acceptance Criteria:', 'marks': [{'type': 'strong'}]}]}, {'type': 'bulletList', 'content': [{'type': 'listItem', 'content': [{'type': 'paragraph', 'content': [{'type': 'text', 'text': 'Dashboard displays key metrics such as registered users, active events, and transactions.'}]}]}, {'type': 'listItem', 'content': [{'type': 'paragraph', 'content': [{'type': 'text', 'text': 'Admin can view and manage user accounts.'}]}]}, {'type': 'listItem', 'content': [{'type': 'paragraph', 'content': [{'type': 'text', 'text': 'Admin can view and manage organizer accounts.'}]}]}, {'type': 'listItem', 'content': [{'type': 'paragraph', 'content': [{'type': 'text', 'text': 'Admin can access detailed transaction reports.'}]}]}, {'type': 'listItem', 'content': [{'type': 'paragraph', 'content': [{'type': 'text', 'text': 'Dashboard provides alerts for critical events or errors.'}]}]}]}]}",To Do,Medium,Story,2025-06-14T16:58:02.373+0530,2025-06-14T16:58:02.445+0530,,Project Major,[],[],https://projectmajorvd25.atlassian.net/browse/MAJOR-49
10157,MAJOR-48,MAJOR,MAJOR,Admin Panel and Management,"{'type': 'doc', 'version': 1, 'content': [{'type': 'paragraph', 'content': [{'type': 'text', 'text': 'Provide administrative tools for managing users, events, and system configurations.'}]}]}",To Do,Medium,Epic,2025-06-14T16:58:01.174+0530,2025-06-14T16:58:01.235+0530,,Project Major,[],[],https://projectmajorvd25.atlassian.net/browse/MAJOR-48
10156,MAJOR-47,MAJOR,MAJOR,Event Creation,"{'type': 'doc', 'version': 1, 'content': [{'type': 'paragraph', 'content': [{'type': 'text', 'text': 'As an organizer, I want to create and publish events with all relevant details and pricing tiers so that users can find and book my events.'}]}, {'type': 'paragraph', 'content': [{'type': 'text', 'text': 'Acceptance Criteria:', 'marks': [{'type': 'strong'}]}]}, {'type': 'bulletList', 'content': [{'type': 'listItem', 'content': [{'type': 'paragraph', 'content': [{'type': 'text', 'text': 'Organizers can input all necessary event details (title, description, date, time, location, image, pricing tiers).'}]}]}, {'type': 'listItem', 'content': [{'type': 'paragraph', 'content': [{'type': 'text', 'text': 'Organizers can set ticket limits and promotional codes.'}]}]}, {'type': 'listItem', 'content': [{'type': 'paragraph', 'content': [{'type': 'text', 'text': 'Events are subject to admin approval (if required).'}]}]}, {'type': 'listItem', 'content': [{'type': 'paragraph', 'content': [{'type': 'text', 'text': 'Events are published with appropriate visibility settings.'}]}]}, {'type': 'listItem', 'content': [{'type': 'paragraph', 'content': [{'type': 'text', 'text': 'Event creation form provides clear validation and instructions.'}]}]}]}]}",To Do,Medium,Story,2025-06-14T16:58:00.048+0530,2025-06-14T16:58:00.110+0530,,Project Major,[],[],https://projectmajorvd25.atlassian.net/browse/MAJOR-47
10155,MAJOR-46,MAJOR,MAJOR,Ticket Booking and Payment,"{'type': 'doc', 'version': 1, 'content': [{'type': 'paragraph', 'content': [{'type': 'text', 'text': 'As a user, I want to book tickets for selected events and make secure online payments so that I can attend the events.'}]}, {'type': 'paragraph', 'content': [{'type': 'text', 'text': 'Acceptance Criteria:', 'marks': [{'type': 'strong'}]}]}, {'type': 'bulletList', 'content': [{'type': 'listItem', 'content': [{'type': 'paragraph', 'content': [{'type': 'text', 'text': 'Users can select the number of tickets.'}]}]}, {'type': 'listItem', 'content': [{'type': 'paragraph', 'content': [{'type': 'text', 'text': 'Payment is processed securely through integrated gateways (UPI, Card, Wallets).'}]}]}, {'type': 'listItem', 'content': [{'type': 'paragraph', 'content': [{'type': 'text', 'text': 'Users receive a confirmation email with e-tickets (QR codes).'}]}]}, {'type': 'listItem', 'content': [{'type': 'paragraph', 'content': [{'type': 'text', 'text': 'Error handling is implemented for payment failures.'}]}]}, {'type': 'listItem', 'content': [{'type': 'paragraph', 'content': [{'type': 'text', 'text': 'Order history is accessible to the user.'}]}]}]}]}",To Do,Medium,Story,2025-06-14T16:57:59.000+0530,2025-06-14T16:57:59.046+0530,,Project Major,[],[],https://projectmajorvd25.atlassian.net/browse/MAJOR-46
10154,MAJOR-45,MAJOR,MAJOR,Event Search and Browsing,"{'type': 'doc', 'version': 1, 'content': [{'type': 'paragraph', 'content': [{'type': 'text', 'text': 'As a user, I want to search and browse events by location, category, date, and popularity so that I can find events that interest me.'}]}, {'type': 'paragraph', 'content': [{'type': 'text', 'text': 'Acceptance Criteria:', 'marks': [{'type': 'strong'}]}]}, {'type': 'bulletList', 'content': [{'type': 'listItem', 'content': [{'type': 'paragraph', 'content': [{'type': 'text', 'text': 'Users can search by keywords, location, date range, and event category.'}]}]}, {'type': 'listItem', 'content': [{'type': 'paragraph', 'content': [{'type': 'text', 'text': 'Search results are displayed with relevant information (title, date, time, location, image).'}]}]}, {'type': 'listItem', 'content': [{'type': 'paragraph', 'content': [{'type': 'text', 'text': 'Events are sorted by relevance, date, popularity, or other criteria.'}]}]}, {'type': 'listItem', 'content': [{'type': 'paragraph', 'content': [{'type': 'text', 'text': 'Filtering options are intuitive and easy to use.'}]}]}, {'type': 'listItem', 'content': [{'type': 'paragraph', 'content': [{'type': 'text', 'text': 'Pagination is implemented for large result sets.'}]}]}]}]}",To Do,Medium,Story,2025-06-14T16:57:57.931+0530,2025-06-14T16:57:58.000+0530,,Project Major,[],[],https://projectmajorvd25.atlassian.net/browse/MAJOR-45
10153,MAJOR-44,MAJOR,MAJOR,Event Discovery and Booking,"{'type': 'doc', 'version': 1, 'content': [{'type': 'paragraph', 'content': [{'type': 'text', 'text': 'Allow users to easily discover and book events, and organizers to manage their events.'}]}]}",To Do,Medium,Epic,2025-06-14T16:57:56.851+0530,2025-06-14T16:57:56.912+0530,,Project Major,[],[],https://projectmajorvd25.atlassian.net/browse/MAJOR-44
10152,MAJOR-43,MAJOR,MAJOR,Organizer Registration and Verification,"{'type': 'doc', 'version': 1, 'content': [{'type': 'paragraph', 'content': [{'type': 'text', 'text': 'As an event organizer, I want to register and verify my account so that I can create and manage events on the platform.'}]}, {'type': 'paragraph', 'content': [{'type': 'text', 'text': 'Acceptance Criteria:', 'marks': [{'type': 'strong'}]}]}, {'type': 'bulletList', 'content': [{'type': 'listItem', 'content': [{'type': 'paragraph', 'content': [{'type': 'text', 'text': 'Organizer can register with business details and contact information.'}]}]}, {'type': 'listItem', 'content': [{'type': 'paragraph', 'content': [{'type': 'text', 'text': 'Platform verifies organizer identity via email or document upload.'}]}]}, {'type': 'listItem', 'content': [{'type': 'paragraph', 'content': [{'type': 'text', 'text': 'Successful verification unlocks event creation features.'}]}]}, {'type': 'listItem', 'content': [{'type': 'paragraph', 'content': [{'type': 'text', 'text': 'Pending verification status is clearly displayed.'}]}]}, {'type': 'listItem', 'content': [{'type': 'paragraph', 'content': [{'type': 'text', 'text': 'Admin can review and approve/reject organizer applications.'}]}]}]}]}",To Do,Medium,Story,2025-06-14T16:57:55.744+0530,2025-06-17T15:37:49.686+0530,,Project Major,[],[],https://projectmajorvd25.atlassian.net/browse/MAJOR-43
10151,MAJOR-42,MAJOR,MAJOR,User Registration,"{'type': 'doc', 'version': 1, 'content': [{'type': 'paragraph', 'content': [{'type': 'text', 'text': ""As a new user, I want to register an account using email or social login so that I can access the platform's features.""}]}, {'type': 'paragraph', 'content': [{'type': 'text', 'text': 'Acceptance Criteria:', 'marks': [{'type': 'strong'}]}]}, {'type': 'bulletList', 'content': [{'type': 'listItem', 'content': [{'type': 'paragraph', 'content': [{'type': 'text', 'text': 'User can register with a valid email and password.'}]}]}, {'type': 'listItem', 'content': [{'type': 'paragraph', 'content': [{'type': 'text', 'text': 'User can register via social login (e.g., Google, Facebook).'}]}]}, {'type': 'listItem', 'content': [{'type': 'paragraph', 'content': [{'type': 'text', 'text': 'Successful registration sends a confirmation email (or equivalent for social login).'}]}]}, {'type': 'listItem', 'content': [{'type': 'paragraph', 'content': [{'type': 'text', 'text': 'Duplicate email/social login attempts are handled gracefully.'}]}]}, {'type': 'listItem', 'content': [{'type': 'paragraph', 'content': [{'type': 'text', 'text': 'Registration form validates required fields.'}]}]}]}]}",To Do,Medium,Story,2025-06-14T16:57:54.604+0530,2025-06-14T17:10:42.472+0530,,Project Major,[],[],https://projectmajorvd25.atlassian.net/browse/MAJOR-42
10150,MAJOR-41,MAJOR,MAJOR,User Account Management,"{'type': 'doc', 'version': 1, 'content': [{'type': 'paragraph', 'content': [{'type': 'text', 'text': 'Enable users and organizers to create, manage, and maintain their accounts securely.'}]}]}",To Do,Medium,Epic,2025-06-14T16:57:53.468+0530,2025-06-14T16:57:53.564+0530,,Project Major,[],[],https://projectmajorvd25.atlassian.net/browse/MAJOR-41
10148,MAJOR-39,MAJOR,MAJOR,Post-Event Features,"{'type': 'doc', 'version': 1, 'content': [{'type': 'paragraph', 'content': [{'type': 'text', 'text': 'Enable users and organizers to provide feedback and manage post-event activities.'}]}]}",To Do,Medium,Epic,2025-06-14T16:55:05.197+0530,2025-06-14T16:55:05.254+0530,,Project Major,[],[],https://projectmajorvd25.atlassian.net/browse/MAJOR-39
10145,MAJOR-36,MAJOR,MAJOR,Event Management for Organizers,"{'type': 'doc', 'version': 1, 'content': [{'type': 'paragraph', 'content': [{'type': 'text', 'text': 'Provide tools for event organizers to create, manage, and promote their events.'}]}]}",To Do,Medium,Epic,2025-06-14T16:55:01.832+0530,2025-06-14T16:55:01.876+0530,,Project Major,[],[],https://projectmajorvd25.atlassian.net/browse/MAJOR-36
10142,MAJOR-33,MAJOR,MAJOR,Event Discovery and Booking,"{'type': 'doc', 'version': 1, 'content': [{'type': 'paragraph', 'content': [{'type': 'text', 'text': 'Enable users to easily discover and book events.'}]}]}",To Do,Medium,Epic,2025-06-14T16:54:58.625+0530,2025-06-14T16:54:58.673+0530,,Project Major,[],[],https://projectmajorvd25.atlassian.net/browse/MAJOR-33
10139,MAJOR-30,MAJOR,MAJOR,User Account Management,"{'type': 'doc', 'version': 1, 'content': [{'type': 'paragraph', 'content': [{'type': 'text', 'text': 'Allow users and organizers to create, manage, and securely access their accounts.'}]}]}",To Do,Medium,Epic,2025-06-14T16:54:55.166+0530,2025-06-14T16:54:55.230+0530,,Project Major,[],[],https://projectmajorvd25.atlassian.net/browse/MAJOR-30
10138,NSA-11,NSA,new sample agent,Leave Event Reviews,"{'type': 'doc', 'version': 1, 'content': [{'type': 'paragraph', 'content': [{'type': 'text', 'text': 'As a user, I want to leave a review and rating for an event I attended so that I can share my experience and help others.'}]}, {'type': 'paragraph', 'content': [{'type': 'text', 'text': 'Acceptance Criteria:', 'marks': [{'type': 'strong'}]}]}, {'type': 'bulletList', 'content': [{'type': 'listItem', 'content': [{'type': 'paragraph', 'content': [{'type': 'text', 'text': 'Users can submit reviews after attending an event.'}]}]}, {'type': 'listItem', 'content': [{'type': 'paragraph', 'content': [{'type': 'text', 'text': 'Reviews include ratings (e.g., star ratings).'}]}]}, {'type': 'listItem', 'content': [{'type': 'paragraph', 'content': [{'type': 'text', 'text': 'Reviews are visible to other users.'}]}]}, {'type': 'listItem', 'content': [{'type': 'paragraph', 'content': [{'type': 'text', 'text': 'Reviews are moderated to prevent inappropriate content.'}]}]}, {'type': 'listItem', 'content': [{'type': 'paragraph', 'content': [{'type': 'text', 'text': 'Average rating is calculated and displayed.'}]}]}]}]}",To Do,Medium,Story,2025-06-14T16:53:25.345+0530,2025-06-14T16:53:25.407+0530,,Project Major,[],[],https://projectmajorvd25.atlassian.net/browse/NSA-11
10137,NSA-10,NSA,new sample agent,Post-Event Features,"{'type': 'doc', 'version': 1, 'content': [{'type': 'paragraph', 'content': [{'type': 'text', 'text': 'Enable users and organizers to provide feedback and manage post-event activities.'}]}]}",To Do,Medium,Epic,2025-06-14T16:53:24.150+0530,2025-06-14T16:53:24.220+0530,,Project Major,[],[],https://projectmajorvd25.atlassian.net/browse/NSA-10
10136,NSA-9,NSA,new sample agent,Manage Ticket Sales,"{'type': 'doc', 'version': 1, 'content': [{'type': 'paragraph', 'content': [{'type': 'text', 'text': 'As an organizer, I want to track my ticket sales and view relevant analytics so that I can understand event performance.'}]}, {'type': 'paragraph', 'content': [{'type': 'text', 'text': 'Acceptance Criteria:', 'marks': [{'type': 'strong'}]}]}, {'type': 'bulletList', 'content': [{'type': 'listItem', 'content': [{'type': 'paragraph', 'content': [{'type': 'text', 'text': 'Organizer can view total tickets sold.'}]}]}, {'type': 'listItem', 'content': [{'type': 'paragraph', 'content': [{'type': 'text', 'text': 'Organizer can view revenue generated.'}]}]}, {'type': 'listItem', 'content': [{'type': 'paragraph', 'content': [{'type': 'text', 'text': 'Organizer can access reports on ticket sales.'}]}]}, {'type': 'listItem', 'content': [{'type': 'paragraph', 'content': [{'type': 'text', 'text': 'Reporting includes relevant timeframes.'}]}]}, {'type': 'listItem', 'content': [{'type': 'paragraph', 'content': [{'type': 'text', 'text': 'Data is accurate and up-to-date.'}]}]}]}]}",To Do,Medium,Story,2025-06-14T16:53:23.055+0530,2025-06-14T16:53:23.111+0530,,Project Major,[],[],https://projectmajorvd25.atlassian.net/browse/NSA-9
10135,NSA-8,NSA,new sample agent,Create and Publish Events,"{'type': 'doc', 'version': 1, 'content': [{'type': 'paragraph', 'content': [{'type': 'text', 'text': 'As an organizer, I want to be able to create and publish events with all relevant details and media so that users can discover them.'}]}, {'type': 'paragraph', 'content': [{'type': 'text', 'text': 'Acceptance Criteria:', 'marks': [{'type': 'strong'}]}]}, {'type': 'bulletList', 'content': [{'type': 'listItem', 'content': [{'type': 'paragraph', 'content': [{'type': 'text', 'text': 'Organizers can input all required event details (title, description, date, time, location, price tiers).'}]}]}, {'type': 'listItem', 'content': [{'type': 'paragraph', 'content': [{'type': 'text', 'text': 'Organizers can upload event cover images.'}]}]}, {'type': 'listItem', 'content': [{'type': 'paragraph', 'content': [{'type': 'text', 'text': 'Events are published according to specified date/time.'}]}]}, {'type': 'listItem', 'content': [{'type': 'paragraph', 'content': [{'type': 'text', 'text': 'Event information displays correctly on event listing pages.'}]}]}, {'type': 'listItem', 'content': [{'type': 'paragraph', 'content': [{'type': 'text', 'text': 'Events are searchable.'}]}]}]}]}",To Do,Medium,Story,2025-06-14T16:53:21.954+0530,2025-06-14T16:53:22.024+0530,,Project Major,[],[],https://projectmajorvd25.atlassian.net/browse/NSA-8
10134,NSA-7,NSA,new sample agent,Event Management for Organizers,"{'type': 'doc', 'version': 1, 'content': [{'type': 'paragraph', 'content': [{'type': 'text', 'text': 'Provide tools for event organizers to create, manage, and promote their events.'}]}]}",To Do,Medium,Epic,2025-06-14T16:53:20.803+0530,2025-06-14T16:53:20.874+0530,,Project Major,[],[],https://projectmajorvd25.atlassian.net/browse/NSA-7
10133,NSA-6,NSA,new sample agent,Book Event Tickets,"{'type': 'doc', 'version': 1, 'content': [{'type': 'paragraph', 'content': [{'type': 'text', 'text': 'As a user, I want to be able to select tickets and complete the booking process securely so that I can attend the event.'}]}, {'type': 'paragraph', 'content': [{'type': 'text', 'text': 'Acceptance Criteria:', 'marks': [{'type': 'strong'}]}]}, {'type': 'bulletList', 'content': [{'type': 'listItem', 'content': [{'type': 'paragraph', 'content': [{'type': 'text', 'text': 'Users can select tickets (single or multiple).'}]}]}, {'type': 'listItem', 'content': [{'type': 'paragraph', 'content': [{'type': 'text', 'text': 'Payment gateway integration is successful.'}]}]}, {'type': 'listItem', 'content': [{'type': 'paragraph', 'content': [{'type': 'text', 'text': 'E-tickets are delivered to the users email.'}]}]}, {'type': 'listItem', 'content': [{'type': 'paragraph', 'content': [{'type': 'text', 'text': 'Booking confirmation is provided to the user.'}]}]}, {'type': 'listItem', 'content': [{'type': 'paragraph', 'content': [{'type': 'text', 'text': 'Correct ticket quantity is reflected on the organizer dashboard.'}]}]}]}]}",To Do,Medium,Story,2025-06-14T16:53:19.569+0530,2025-06-14T16:53:19.676+0530,,Project Major,[],[],https://projectmajorvd25.atlassian.net/browse/NSA-6
10132,NSA-5,NSA,new sample agent,Browse Events by Category,"{'type': 'doc', 'version': 1, 'content': [{'type': 'paragraph', 'content': [{'type': 'text', 'text': 'As a user, I want to browse events by category (e.g., concerts, conferences) so that I can easily find events of interest.'}]}, {'type': 'paragraph', 'content': [{'type': 'text', 'text': 'Acceptance Criteria:', 'marks': [{'type': 'strong'}]}]}, {'type': 'bulletList', 'content': [{'type': 'listItem', 'content': [{'type': 'paragraph', 'content': [{'type': 'text', 'text': 'Events are categorized correctly.'}]}]}, {'type': 'listItem', 'content': [{'type': 'paragraph', 'content': [{'type': 'text', 'text': 'Category filters are functional and accurate.'}]}]}, {'type': 'listItem', 'content': [{'type': 'paragraph', 'content': [{'type': 'text', 'text': 'Filtering is responsive and quick.'}]}]}, {'type': 'listItem', 'content': [{'type': 'paragraph', 'content': [{'type': 'text', 'text': 'All categories are displayed in a logical way.'}]}]}, {'type': 'listItem', 'content': [{'type': 'paragraph', 'content': [{'type': 'text', 'text': 'Empty category handling is displayed gracefully.'}]}]}]}]}",To Do,Medium,Story,2025-06-14T16:53:18.426+0530,2025-06-14T16:53:18.519+0530,,Project Major,[],[],https://projectmajorvd25.atlassian.net/browse/NSA-5
10131,NSA-4,NSA,new sample agent,Event Discovery and Booking,"{'type': 'doc', 'version': 1, 'content': [{'type': 'paragraph', 'content': [{'type': 'text', 'text': 'Enable users to easily discover and book events.'}]}]}",To Do,Medium,Epic,2025-06-14T16:53:17.367+0530,2025-06-14T16:53:17.427+0530,,Project Major,[],[],https://projectmajorvd25.atlassian.net/browse/NSA-4
10130,NSA-3,NSA,new sample agent,Organizer Account Verification,"{'type': 'doc', 'version': 1, 'content': [{'type': 'paragraph', 'content': [{'type': 'text', 'text': 'As an event organizer, I want my account to be verified by an administrator so that I can list events and sell tickets.'}]}, {'type': 'paragraph', 'content': [{'type': 'text', 'text': 'Acceptance Criteria:', 'marks': [{'type': 'strong'}]}]}, {'type': 'bulletList', 'content': [{'type': 'listItem', 'content': [{'type': 'paragraph', 'content': [{'type': 'text', 'text': 'Organizer provides necessary information (business details, contact information).'}]}]}, {'type': 'listItem', 'content': [{'type': 'paragraph', 'content': [{'type': 'text', 'text': 'Admin receives notification for verification request.'}]}]}, {'type': 'listItem', 'content': [{'type': 'paragraph', 'content': [{'type': 'text', 'text': 'Admin can approve or reject organizer accounts.'}]}]}, {'type': 'listItem', 'content': [{'type': 'paragraph', 'content': [{'type': 'text', 'text': 'Successful verification grants access to organizer features.'}]}]}, {'type': 'listItem', 'content': [{'type': 'paragraph', 'content': [{'type': 'text', 'text': 'Rejection includes a reason for rejection.'}]}]}]}]}",To Do,Medium,Story,2025-06-14T16:53:16.238+0530,2025-06-14T16:53:16.318+0530,,Project Major,[],[],https://projectmajorvd25.atlassian.net/browse/NSA-3
10129,NSA-2,NSA,new sample agent,User Registration,"{'type': 'doc', 'version': 1, 'content': [{'type': 'paragraph', 'content': [{'type': 'text', 'text': 'As a new user, I want to be able to register for an account using email or social login so that I can access the platform and book events.'}]}, {'type': 'paragraph', 'content': [{'type': 'text', 'text': 'Acceptance Criteria:', 'marks': [{'type': 'strong'}]}]}, {'type': 'bulletList', 'content': [{'type': 'listItem', 'content': [{'type': 'paragraph', 'content': [{'type': 'text', 'text': 'User can register with a valid email address and password.'}]}]}, {'type': 'listItem', 'content': [{'type': 'paragraph', 'content': [{'type': 'text', 'text': 'User can register using a supported social login (e.g., Google, Facebook).'}]}]}, {'type': 'listItem', 'content': [{'type': 'paragraph', 'content': [{'type': 'text', 'text': 'A confirmation email is sent upon successful registration.'}]}]}, {'type': 'listItem', 'content': [{'type': 'paragraph', 'content': [{'type': 'text', 'text': 'Duplicate email registration is prevented.'}]}]}, {'type': 'listItem', 'content': [{'type': 'paragraph', 'content': [{'type': 'text', 'text': 'Passwords meet complexity requirements.'}]}]}]}]}",To Do,Medium,Story,2025-06-14T16:53:15.068+0530,2025-06-14T16:53:15.128+0530,,Project Major,[],[],https://projectmajorvd25.atlassian.net/browse/NSA-2
10128,NSA-1,NSA,new sample agent,User Account Management,"{'type': 'doc', 'version': 1, 'content': [{'type': 'paragraph', 'content': [{'type': 'text', 'text': 'Allow users and organizers to create, manage, and securely access their accounts.'}]}]}",To Do,Medium,Epic,2025-06-14T16:53:13.949+0530,2025-06-14T16:53:13.997+0530,,Project Major,[],[],https://projectmajorvd25.atlassian.net/browse/NSA-1
10126,MAJOR-28,MAJOR,MAJOR,Payment Gateway Integration,"{'type': 'doc', 'version': 1, 'content': [{'type': 'paragraph', 'content': [{'type': 'text', 'text': 'Integrate secure payment options for users.'}]}]}",To Do,Medium,Epic,2025-06-14T16:32:57.645+0530,2025-06-14T16:32:57.704+0530,,Project Major,[],[],https://projectmajorvd25.atlassian.net/browse/MAJOR-28
10124,MAJOR-26,MAJOR,MAJOR,Order Tracking and Management,"{'type': 'doc', 'version': 1, 'content': [{'type': 'paragraph', 'content': [{'type': 'text', 'text': 'Enable users to track their orders in real-time.'}]}]}",To Do,Medium,Epic,2025-06-14T16:32:55.803+0530,2025-06-14T16:32:55.866+0530,,Project Major,[],[],https://projectmajorvd25.atlassian.net/browse/MAJOR-26
10120,MAJOR-22,MAJOR,MAJOR,Product Browsing and Ordering,"{'type': 'doc', 'version': 1, 'content': [{'type': 'paragraph', 'content': [{'type': 'text', 'text': 'Enable users to easily browse, search, and order products.'}]}]}",To Do,Medium,Epic,2025-06-14T16:32:51.952+0530,2025-06-14T16:32:52.023+0530,,Project Major,[],[],https://projectmajorvd25.atlassian.net/browse/MAJOR-22
10117,MAJOR-19,MAJOR,MAJOR,User Account and Onboarding,"{'type': 'doc', 'version': 1, 'content': [{'type': 'paragraph', 'content': [{'type': 'text', 'text': 'Enable users to create accounts, log in, and securely manage their profiles.'}]}]}",To Do,Medium,Epic,2025-06-14T16:32:48.897+0530,2025-06-14T16:32:48.966+0530,,Project Major,[],[],https://projectmajorvd25.atlassian.net/browse/MAJOR-19
10112,MAJOR-16,MAJOR,MAJOR,Order Management and Tracking,,To Do,Medium,Epic,2025-06-14T16:26:36.382+0530,2025-06-14T16:26:36.435+0530,,Project Major,[],[],https://projectmajorvd25.atlassian.net/browse/MAJOR-16
10108,MAJOR-14,MAJOR,MAJOR,Payment and Checkout,,To Do,Medium,Epic,2025-06-14T16:26:33.359+0530,2025-06-14T16:26:33.411+0530,,Project Major,[],[],https://projectmajorvd25.atlassian.net/browse/MAJOR-14
10102,MAJOR-11,MAJOR,MAJOR,Restaurant Discovery and Ordering,,To Do,Medium,Epic,2025-06-14T16:26:28.495+0530,2025-06-14T16:26:28.552+0530,,Project Major,[],[],https://projectmajorvd25.atlassian.net/browse/MAJOR-11
10094,MAJOR-7,MAJOR,MAJOR,User Account Management,,To Do,Medium,Epic,2025-06-14T16:26:22.489+0530,2025-06-14T16:26:22.530+0530,,Project Major,[],[],https://projectmajorvd25.atlassian.net/browse/MAJOR-7
10090,MAJOR-6,MAJOR,MAJOR,Location Services,"{'type': 'doc', 'version': 1, 'content': [{'type': 'paragraph', 'content': [{'type': 'text', 'text': 'Ensure accurate location detection for order placement and delivery.'}]}]}",To Do,Medium,Epic,2025-06-14T16:19:44.314+0530,2025-06-14T16:19:44.376+0530,,Project Major,[],[],https://projectmajorvd25.atlassian.net/browse/MAJOR-6
10084,MAJOR-5,MAJOR,MAJOR,Order Tracking and Management,"{'type': 'doc', 'version': 1, 'content': [{'type': 'paragraph', 'content': [{'type': 'text', 'text': 'Enable users to track their orders and manage their order history.'}]}]}",To Do,Medium,Epic,2025-06-14T16:19:39.425+0530,2025-06-14T16:19:39.482+0530,,Project Major,[],[],https://projectmajorvd25.atlassian.net/browse/MAJOR-5
10076,MAJOR-4,MAJOR,MAJOR,Product Browsing and Ordering,"{'type': 'doc', 'version': 1, 'content': [{'type': 'paragraph', 'content': [{'type': 'text', 'text': 'Allow users to browse products, add them to their cart, and place orders.'}]}]}",To Do,Medium,Epic,2025-06-14T16:19:34.678+0530,2025-06-14T16:19:34.726+0530,,Project Major,[],[],https://projectmajorvd25.atlassian.net/browse/MAJOR-4
10070,MAJOR-3,MAJOR,MAJOR,User Account and Onboarding,"{'type': 'doc', 'version': 1, 'content': [{'type': 'paragraph', 'content': [{'type': 'text', 'text': 'Enable users to create accounts, log in, and manage their profiles.'}]}]}",To Do,Medium,Epic,2025-06-14T16:19:30.717+0530,2025-06-14T16:19:30.777+0530,,Project Major,[],[],https://projectmajorvd25.atlassian.net/browse/MAJOR-3
10062,MAJOR-2,MAJOR,MAJOR,User Registration and Ordering,"{'type': 'doc', 'version': 1, 'content': [{'type': 'paragraph', 'content': [{'type': 'text', 'text': 'Enable users to register, browse products, and place orders.'}]}]}",To Do,Medium,Epic,2025-06-14T16:11:59.209+0530,2025-06-14T16:11:59.278+0530,,Project Major,[],[],https://projectmajorvd25.atlassian.net/browse/MAJOR-2
10056,MAJOR-1,MAJOR,MAJOR,User-Facing Application,"{'type': 'doc', 'version': 1, 'content': [{'type': 'paragraph', 'content': [{'type': 'text', 'text': 'Develop the user-facing mobile and web applications for browsing, ordering, and tracking groceries.'}]}]}",To Do,Medium,Epic,2025-06-14T16:06:40.396+0530,2025-06-14T16:06:40.960+0530,,Project Major,[],[],https://projectmajorvd25.atlassian.net/browse/MAJOR-1
10003,SCRUM-4,SCRUM,sample,add data visualizations in home page,,Done,Medium,Task,2025-06-10T17:52:42.116+0530,2025-06-17T16:06:00.582+0530,,Project Major,[],[],https://projectmajorvd25.atlassian.net/browse/SCRUM-4
